State,University/College ,Campus,Student enrollment,Violent crime,Murder and nonnegligent manslaughter,Rape (revised definition),Rape (legacy definition),Robbery,Aggravated assault,Property crime,Burglary,Larceny-theft,Motor vehicle theft,Arson
Alabama,Alabama A&M University,,5333,12,0,2,,3,7,78,1,75,2,
Alabama,Jacksonville State University,,8659,7,0,0,,0,7,59,9,50,0,
Alabama,Samford University,,4933,3,0,0,,0,3,46,8,34,4,
Alabama,Tuskegee University,,3103,5,0,0,,1,4,112,12,97,3,
Alabama,University of Alabama: ,Birmingham,18698,24,0,2,,3,19,395,5,379,11,
Alabama,University of Alabama: ,Huntsville,7348,10,0,1,,1,8,73,18,55,0,
Alabama,University of Alabama: ,Tuscaloosa,36047,15,0,3,,9,3,359,36,316,7,
Alabama,University of South Alabama,,15805,21,0,1,,3,17,165,28,136,1,
Alaska,University of Alaska: ,Anchorage,17151,4,0,1,,0,3,95,4,88,3,0
Arizona,University of Alaska: ,Fairbanks,8620,3,0,2,,0,1,50,3,44,3,0
Arizona,Arizona State University,Main Campus,83260,35,0,9,,6,20,1045,78,946,21,3
Arizona,Central Arizona College,,5937,1,0,1,,0,0,20,8,12,0,0
Arizona,Northern Arizona University,,27705,28,1,20,,0,7,274,21,252,1,0
Arizona,Pima Community College,,28070,1,0,0,,1,0,87,5,79,3,0
Arizona,University of Arizona,,42236,25,0,17,,2,6,598,32,551,15,1
Arizona,Yavapai College,,7842,0,0,0,,0,0,4,0,4,0,0
Arkansas,Arkansas State University: ,Beebe,4140,0,0,0,,0,0,7,0,7,0,0
Arkansas,Arkansas State University: ,Jonesboro,13144,11,0,4,,2,5,76,8,68,0,0
Arkansas,Arkansas Tech University,,12002,6,0,5,,0,1,83,7,74,2,0
Arkansas,Henderson State University,,3627,1,0,1,,0,0,47,7,39,1,0
Arkansas,Southern Arkansas University,,3546,0,0,0,,0,0,13,4,9,0,0
Arkansas,University of Arkansas: ,Fayetteville,26237,9,1,7,,0,1,176,10,123,43,0
Arkansas,University of Arkansas: ,Little Rock,11645,8,0,1,,3,4,85,1,84,0,0
Arkansas,University of Arkansas: ,Medical Sciences,2890,2,0,0,,1,1,103,2,96,5,0
Arkansas,University of Arkansas: ,Monticello,3854,0,0,0,,0,0,21,1,20,0,0
Arkansas,University of Arkansas: ,Pine Bluff,2513,0,0,0,,0,0,77,9,67,1,0
California,Allan Hancock College,,11047,0,0,0,,0,0,21,2,18,1,0
California,California State Polytechnic University: ,Pomona,23966,6,0,4,,1,1,173,5,150,18,1
California,California State Polytechnic University: ,San Luis Obispo5,20186,3,0,2,,0,1,163,7,149,7,1
California,California State University: ,Bakersfield,8720,1,0,0,,0,1,78,12,65,1,0
California,California State University: ,Channel Islands,5879,2,0,0,,1,1,62,7,54,1,0
California,California State University: ,Chico5,17287,7,0,3,,1,3,254,13,235,6,2
California,California State University: ,Dominguez Hills,14687,4,0,0,,0,4,72,5,65,2,0
California,California State University: ,East Bay,14823,2,0,2,,0,0,97,11,80,6,0
California,California State University: ,Fresno,23179,13,0,3,,3,7,267,43,209,15,1
California,California State University: ,Fullerton5,38128,8,0,3,,1,4,248,22,218,8,0
California,California State University: ,Long Beach5,36809,6,0,4,,1,1,148,12,129,7,0
California,California State University: ,Los Angeles5,24488,14,0,2,,0,12,147,23,119,5,0
California,California State University: ,Monterey Bay,6631,12,0,6,,0,6,35,8,24,3,0
California,California State University: ,Northridge,40131,7,0,3,,2,2,302,16,278,8,0
California,California State University: ,Sacramento,29349,12,0,2,,5,5,195,7,186,2,1
California,California State University: ,San Bernardino,18952,8,0,2,,5,1,104,3,80,21,0
California,California State University: ,San Jose5,32713,29,0,2,,5,22,442,30,397,15,1
California,California State University: ,San Marcos,12154,7,0,7,,0,0,59,2,57,0,0
California,California State University: ,Stanislaus,9045,2,0,2,,0,0,72,1,70,1,0
California,College of the Sequoias,,10647,4,0,0,,1,3,70,12,51,7,0
California,Contra Costa Community College,,35481,3,0,0,,3,0,194,17,156,21,1
California,Cuesta College5,,9221,0,0,0,,0,0,13,1,11,1,0
California,El Camino College,,24207,3,0,0,,3,0,112,6,101,5,0
California,Foothill-De Anza College,,38134,1,0,0,,1,0,72,5,64,3,0
California,Humboldt State University,,8485,7,0,3,,0,4,153,12,139,2,2
California,Marin Community College,,5500,3,0,2,,0,1,27,2,25,0,0
California,Pasadena Community College5,,26611,5,0,0,,1,4,104,5,99,0,0
California,Riverside Community College,,36582,1,0,0,,0,1,74,6,57,11,1
California,San Bernardino Community College,,18897,1,0,0,,0,1,84,13,62,9,0
California,San Diego State University,,33483,26,0,12,,5,9,457,32,400,25,0
California,San Francisco State University,,29465,7,0,2,,2,3,220,26,180,14,0
California,San Jose/Evergreen Community College5 ,,18205,1,0,0,,0,1,46,4,40,2,0
California,Santa Rosa Junior College5,,23144,5,0,2,,0,3,86,10,72,4,0
California,Sonoma State University,,9290,3,0,3,,0,0,128,21,105,2,0
California,State Center Community College District,,36940,7,0,0,,2,5,222,28,184,10,0
California,University of California: ,Berkeley,37565,35,0,9,,12,14,749,43,688,18,1
California,University of California: ,Davis,34508,22,0,13,,4,5,600,27,568,5,3
California,University of California: ,Hastings College of Law,1003,19,0,1,,4,14,40,4,36,0,0
California,University of California: ,Irvine5,30051,22,0,9,,4,9,467,45,405,17,3
California,University of California: ,Los Angeles,41845,97,0,27,,22,48,817,136,663,18,2
California,University of California: ,"Medical Center, Sacramento6",,24,0,2,,0,22,200,16,180,4,4
California,University of California: ,Merced,6268,11,0,3,,0,8,23,2,19,2,0
California,University of California: ,Riverside,21498,10,0,3,,6,1,291,28,250,13,1
California,University of California: ,San Diego,30709,7,0,1,,1,5,511,28,461,22,1
California,University of California: ,San Francisco,3170,15,0,1,,4,10,437,34,387,16,0
California,University of California: ,Santa Barbara,23051,28,0,15,,2,11,203,17,186,0,1
California,University of California: ,Santa Cruz,17866,21,0,11,,2,8,341,26,304,11,1
California,Ventura County Community College District,,33956,0,0,0,,0,0,39,0,39,0,0
California,West Valley-Mission College5,,17497,5,0,0,,3,2,43,12,27,4,0
Colorado,Adams State University,,3154,1,0,1,,0,0,74,5,68,1,0
Colorado,Aims Community College,,5001,0,0,0,,0,0,1,0,1,0,0
Colorado,Auraria Higher Education Center6,,,3,0,1,,2,0,186,5,168,13,0
Colorado,Colorado School of Mines,,5962,0,0,0,,0,0,50,3,46,1,0
Colorado,Colorado State University,Fort Collins,31354,2,0,2,,0,0,268,5,262,1,6
Colorado,Fort Lewis College,,3791,2,0,2,,0,0,41,4,37,0,0
Colorado,Red Rocks Community College,,8112,0,0,0,,0,0,16,1,15,0,0
Colorado,University of Colorado:,Boulder,32432,10,0,5,,1,4,462,27,426,9,4
Colorado,University of Colorado:,Colorado Springs,11761,4,0,1,,1,2,78,2,74,2,0
Colorado,University of Colorado:,Denver,22791,2,0,0,,0,2,57,1,50,6,0
Colorado,University of Northern Colorado,,12050,4,0,4,,0,0,136,3,132,1,1
Connecticut,Central Connecticut State University,,12037,1,0,1,,0,0,20,0,20,0,0
Connecticut,Eastern Connecticut State University,,5287,0,0,0,,0,0,55,3,48,4,0
Connecticut,Southern Connecticut State University,,10825,2,0,0,,1,1,50,0,48,2,0
Connecticut,University of Connecticut: ,Health Center6,,0,0,0,,0,0,5,0,5,0,0
Connecticut,University of Connecticut: ,"Storrs, Avery Point and Hartford6",,4,0,2,,1,1,193,13,169,11,2
Connecticut,Western Connecticut State University,,5952,0,0,0,,0,0,30,8,22,0,0
Connecticut,Yale University,,12336,17,0,7,,9,1,269,64,202,3,0
Delaware,Delaware State University,,4397,17,0,7,,1,9,87,8,78,1,0
Delaware,University of Delaware,,22680,5,0,1,,1,3,155,10,145,0,1
Florida,Florida A&M University,,10241,7,0,2,,3,2,192,17,168,7,0
Florida,Florida Atlantic University,,30297,3,0,2,,0,1,185,26,146,13,0
Florida,Florida Gulf Coast University,,14473,9,0,0,,1,8,71,3,67,1,0
Florida,Florida International University,,49610,16,0,5,,4,7,381,21,346,14,0
Florida,Florida Polytechnic University6,,,0,0,,0,0,0,3,0,3,0,0
Florida,Florida SouthWestern State College,,15389,4,0,2,,0,2,20,1,19,0,0
Florida,Florida State University:,Panama City6,,2,0,0,,1,1,1,0,1,0,0
Florida,Florida State University:,Tallahassee,41226,20,0,10,,2,8,388,29,307,52,3
Florida,New College of Florida,,834,1,0,1,,0,0,39,4,35,0,1
Florida,Pensacola State College,,10317,5,0,1,,0,4,34,2,32,0,0
Florida,Santa Fe College,,15055,0,0,0,,0,0,26,0,26,0,0
Florida,Tallahassee Community College,,13049,3,0,0,,1,2,75,0,74,1,0
Florida,University of Central Florida,,60767,20,0,6,,4,10,296,33,248,15,0
Florida,University of Florida,,49459,15,0,6,,4,5,477,40,425,12,0
Florida,University of North Florida,,15984,3,0,1,,0,2,111,4,105,2,0
Florida,University of South Florida: ,St. Petersburg,4491,1,0,0,,1,0,29,2,27,0,0
Florida,University of South Florida: ,Tampa,41938,9,0,1,,7,1,513,38,463,12,1
Florida,University of West Florida,,12602,8,0,5,,0,3,59,10,48,1,0
Georgia,Abraham Baldwin Agricultural College,,3458,0,0,,0,0,0,31,1,30,0,0
Georgia,Agnes Scott College,,873,0,0,,0,0,0,7,0,5,2,0
Georgia,Albany State University,,3910,4,0,,2,1,1,47,2,45,0,0
Georgia,Andrew College,,303,0,0,,0,0,0,13,3,10,0,0
Georgia,Armstrong Atlantic State University,,7094,1,0,,0,0,1,50,5,43,2,0
Georgia,Augusta Technical College,,4269,0,0,,0,0,0,8,0,8,0,0
Georgia,Bainbridge State College,,2470,0,0,,0,0,0,0,0,0,0,0
Georgia,Berry College,,2177,0,0,,0,0,0,49,6,43,0,0
Georgia,Chattahoochee Technical College,,9942,0,0,,0,0,0,6,0,6,0,0
Georgia,Clayton State University,,7022,4,1,,2,0,1,28,3,24,1,0
Georgia,College of Coastal Georgia,,3008,0,0,,0,0,0,14,3,11,0,0
Georgia,Columbus State University,,8192,5,0,,4,1,0,44,5,39,0,0
Georgia,Dalton State College,,4854,0,0,,0,0,0,8,2,6,0,0
Georgia,Darton State College,,5623,1,0,,0,1,0,28,1,27,0,0
Georgia,Emory University,,14769,10,0,,8,0,2,437,22,403,12,0
Georgia,Fort Valley State University,,2594,1,0,,1,0,0,21,0,21,0,0
Georgia,Georgia College and State University,,6772,2,0,,2,0,0,84,7,69,8,0
Georgia,Georgia Institute of Technology,,23109,13,0,,1,8,4,341,27,298,16,0
Georgia,Georgia Military College,,7262,0,0,,0,0,0,3,0,3,0,0
Georgia,Georgia Perimeter College,,21371,1,0,,0,1,0,76,1,74,1,0
Georgia,Georgia Regents University,,7988,2,0,,0,1,1,107,1,103,3,0
Georgia,Georgia Southern University,,20517,7,0,,3,3,1,135,4,131,0,0
Georgia,Georgia Southwestern State University,,2666,2,0,,0,0,2,63,1,60,2,0
Georgia,Georgia State University,,32556,20,0,,2,14,4,261,6,249,6,0
Georgia,Gordon State College,,4047,2,0,,0,2,0,25,1,24,0,0
Georgia,Gwinnett Technical College,,7234,0,0,,0,0,0,10,0,10,0,0
Georgia,Kennesaw State University,,25714,12,0,,6,1,5,213,15,192,6,0
Georgia,Mercer University,,8552,2,0,,0,0,2,79,7,70,2,0
Georgia,Middle Georgia State College,,7927,5,0,,3,0,2,27,5,22,0,0
Georgia,Piedmont College,,2120,0,0,,0,0,0,0,0,0,0,0
Georgia,Savannah State University,,4915,13,1,,0,6,6,174,29,143,2,1
Georgia,Southern Crescent Technical College,,4898,0,0,,0,0,0,8,1,7,0,0
Georgia,South Georgia State College,,2611,0,0,,0,0,0,11,4,7,0,0
Georgia,Spelman College,,2135,0,0,,0,0,0,24,3,21,0,0
Georgia,University of Georgia,,35197,20,0,,12,3,5,378,41,333,4,0
Georgia,University of North Georgia,,16064,1,0,,1,0,0,30,0,28,2,0
Georgia,University of West Georgia,,12206,5,0,,0,4,1,122,21,101,0,0
Georgia,Valdosta State University,,11563,6,0,,0,6,0,114,13,99,2,0
Georgia,West Georgia Technical College,,6536,0,0,,0,0,0,23,0,22,1,0
Georgia,Young Harris College,,1218,0,0,,0,0,0,4,0,4,0,0
Illinois,Benedictine University,Lisle,6307,0,0,0,,0,0,33,6,27,0,0
Illinois,Black Hawk College: ,Kewanee6,,0,0,0,,0,0,1,0,1,0,0
Illinois,Black Hawk College: ,Moline,6307,0,0,0,,0,0,16,8,8,0,0
Illinois,Chicago State University,,5211,2,0,0,,2,0,23,1,22,0,0
Illinois,College of DuPage,,29476,0,0,0,,0,0,32,1,31,0,0
Illinois,College of Lake County,,15410,1,0,0,,1,0,47,2,44,1,0
Illinois,Eastern Illinois University,,8913,17,0,5,,5,7,57,5,52,0,1
Illinois,Elgin Community College,,10929,1,0,0,,0,1,9,0,9,0,0
Illinois,Illinois Central College,,10296,0,0,0,,0,0,39,6,33,0,0
Illinois,John Wood Community College,,1900,0,0,0,,0,0,2,0,2,0,0
Illinois,Joliet Junior College,,15776,2,0,0,,0,2,17,0,17,0,0
Illinois,Kankakee Community College,,3378,0,0,0,,0,0,1,0,1,0,0
Illinois,Lake Land College,,5593,1,1,0,,0,0,7,0,7,0,0
Illinois,Lewis University,,6689,5,0,4,,0,1,11,0,11,0,0
Illinois,Lincoln Land Community College,,7006,0,0,0,,0,0,12,0,12,0,0
Illinois,Loyola University,,15902,15,0,7,,7,1,126,1,124,1,0
Illinois,McHenry County College,,6567,0,0,0,,0,0,10,0,10,0,0
Illinois,Millikin University,,2190,0,0,0,,0,0,33,1,31,1,0
Illinois,Moraine Valley Community College,,15286,0,0,0,,0,0,67,0,67,0,0
Illinois,Morton College,,4653,0,0,0,,0,0,10,0,10,0,0
Illinois,Northeastern Illinois University,,10275,0,0,0,,0,0,35,0,35,0,0
Illinois,Northern Illinois University,,20611,17,0,7,,3,7,170,11,156,3,1
Illinois,Oakton Community College,,10589,0,0,0,,0,0,13,0,13,0,0
Illinois,Parkland College,,8443,1,0,0,,0,1,25,2,23,0,0
Illinois,Rend Lake College,,2970,0,0,0,,0,0,2,0,2,0,0
Illinois,Southern Illinois University:,Carbondale,17989,9,0,5,,0,4,219,35,184,0,0
Illinois,Southern Illinois University:,Edwardsville,13972,10,0,2,,1,7,107,12,94,1,0
Illinois,Southern Illinois University:,School of Medicine6,,1,0,0,,0,1,10,2,8,0,0
Illinois,South Suburban College,,4329,0,0,0,,0,0,19,3,16,0,0
Illinois,Southwestern Illinois College,,10545,2,0,1,,0,1,27,1,24,2,0
Illinois,University of Chicago,Cook County,15097,4,0,0,,4,0,266,16,248,2,0
Illinois,University of Illinois: ,Springfield,5431,3,0,0,,0,3,31,2,28,1,0
Illinois,University of Illinois: ,Urbana,45140,14,0,8,,4,2,322,5,313,4,1
Illinois,Western Illinois University,,11458,9,0,6,,0,3,89,10,79,0,3
Indiana,Ball State University,,20655,10,0,6,,4,0,228,29,196,3,0
Indiana,Butler University,,4848,6,0,4,,1,1,121,10,109,2,0
Indiana,Indiana State University,,13183,9,0,,0,1,8,225,4,220,1,0
Indiana,Indiana University: ,Bloomington,46416,38,0,18,,0,20,306,46,249,11,
Indiana,Indiana University: ,Indianapolis,30690,12,0,4,,4,4,228,18,201,9,0
Indiana,Indiana University: ,Northwest,6052,1,0,0,,0,1,20,3,17,0,
Indiana,Indiana University: ,Southeast,6442,3,0,3,,0,0,9,1,8,0,0
Indiana,Marian University,,2771,0,0,,0,0,0,36,4,32,0,
Indiana,Purdue University,,39752,9,0,7,,2,0,348,29,314,5,2
Iowa,Iowa State University,,34435,17,0,8,,2,7,249,12,231,6,0
Iowa,University of Iowa,,29970,11,0,3,,2,6,255,27,224,4,1
Iowa,University of Northern Iowa,,11928,2,0,1,,0,1,103,9,94,0,0
Kansas,Emporia State University,,6114,1,0,0,,0,1,24,2,22,0,0
Kansas,Fort Hays State University,,13825,1,0,1,,0,0,45,12,33,0,0
Kansas,Kansas City Kansas Community College,,6198,0,0,0,,0,0,36,2,34,0,0
Kansas,Kansas State University,,24766,5,0,1,,1,3,103,6,96,1,0
Kansas,Pittsburg State University,,7479,2,0,0,,1,1,46,2,44,0,0
Kansas,University of Kansas: ,Main Campus,27180,5,0,1,,1,3,177,24,147,6,1
Kansas,University of Kansas: ,Medical Center6,,16,0,1,,2,13,152,6,141,5,0
Kansas,Washburn University,,6722,1,0,1,,0,0,57,6,47,4,1
Kansas,Wichita State University,,14995,4,1,0,,3,0,87,5,81,1,0
Kentucky,Eastern Kentucky University,,16305,3,0,0,,2,1,158,17,138,3,2
Kentucky,Kentucky State University,,1895,0,0,0,,0,0,14,2,12,0,0
Kentucky,Morehead State University,,11052,3,0,3,,0,0,21,2,18,1,0
Kentucky,Murray State University,,11207,4,0,3,,0,1,97,12,84,1,1
Kentucky,Northern Kentucky University,,15090,2,0,2,,0,0,69,4,63,2,0
Kentucky,University of Kentucky,,29203,4,0,0,,0,4,465,12,422,31,1
Kentucky,University of Louisville,,21561,7,0,2,,4,1,247,23,216,8,0
Kentucky,Western Kentucky University,,20171,1,0,1,,0,0,97,16,79,2,1
Louisiana,Delgado Community College,,17152,0,0,0,,0,0,14,1,12,1,0
Louisiana,Dillard University,,1200,3,0,2,,0,1,45,18,27,0,0
Louisiana,Grambling State University,,4504,10,0,0,,4,6,122,31,91,0,0
Louisiana,Louisiana State University: ,Baton Rouge,31044,10,0,2,,5,3,446,70,348,28,0
Louisiana,Louisiana State University: ,Eunice,2738,0,0,0,,0,0,0,0,0,0,0
Louisiana,Louisiana State University: ,"Health Sciences Center, New Orleans",2828,0,0,0,,0,0,0,0,0,0,0
Louisiana,Louisiana State University: ,"Health Sciences Center, Shreveport",870,3,0,0,,0,3,27,2,23,2,0
Louisiana,Louisiana State University: ,Shreveport,4186,2,0,1,,0,1,17,4,13,0,0
Louisiana,Louisiana Tech University,,11225,3,0,0,,1,2,83,22,60,1,0
Louisiana,McNeese State University,,8237,0,0,0,,0,0,11,0,11,0,0
Louisiana,Nicholls State University,,6292,1,0,1,,0,0,22,0,22,0,0
Louisiana,Northwestern State University,,9002,3,0,2,,0,1,57,11,45,1,0
Louisiana,Southern University and A&M College: ,Baton Rouge,6330,6,0,0,,1,5,135,13,118,4,0
Louisiana,Southern University and A&M College: ,New Orleans,2103,0,0,0,,0,0,0,0,0,0,0
Louisiana,Southern University and A&M College: ,Shreveport,2952,0,0,0,,0,0,2,0,2,0,0
Louisiana,Tulane University,,12603,9,0,0,,8,1,326,24,298,4,1
Louisiana,University of Louisiana: ,Lafayette,17195,19,0,3,,3,13,175,23,146,6,1
Louisiana,University of Louisiana: ,Monroe,8517,4,0,2,,2,0,45,6,38,1,0
Louisiana,University of New Orleans,,9234,5,0,1,,1,3,67,10,53,4,0
Maine,University of Maine: ,Farmington,1960,6,0,,6,0,0,11,1,10,0,0
Maine,University of Maine: ,Orono,11286,1,0,,1,0,0,133,2,131,0,3
Maine,University of Southern Maine,,8428,1,0,,1,0,0,26,1,25,0,2
Maryland,Bowie State University,,5695,5,0,1,,2,2,49,22,27,0,0
Maryland,Coppin State University,,3133,1,0,0,,0,1,66,21,42,3,0
Maryland,Frostburg State University,,5645,0,0,0,,0,0,45,6,37,2,0
Maryland,Hagerstown Community College,,4615,0,0,0,,0,0,1,1,0,0,0
Maryland,Morgan State University,,7698,11,0,0,,4,7,110,14,95,1,0
Maryland,Salisbury University,,8770,5,0,5,,0,0,86,4,82,0,0
Maryland,St. Mary's College,,1721,3,0,2,,1,0,51,5,42,4,0
Maryland,Towson University,,22285,4,0,2,,0,2,120,11,106,3,0
Maryland,University of Baltimore,,6422,0,0,0,,0,0,50,3,46,1,0
Maryland,University of Maryland: ,Baltimore City,6276,13,0,0,,4,9,87,2,84,1,0
Maryland,University of Maryland: ,Baltimore County,13979,2,0,1,,0,1,73,4,68,1,0
Maryland,University of Maryland: ,College Park,37610,10,0,6,,1,3,444,48,367,29,0
Maryland,University of Maryland: ,Eastern Shore,4279,14,0,8,,1,5,64,21,43,0,1
Massachusetts,Amherst College,,1792,12,0,12,,0,0,57,7,49,1,
Massachusetts,Assumption College,,2719,4,0,2,,0,2,24,3,21,0,0
Massachusetts,Babson College,,3049,14,0,13,,0,1,29,0,29,0,
Massachusetts,Becker College,,2021,3,0,1,,0,2,17,1,16,0,
Massachusetts,Bentley University,,5565,7,0,5,,0,2,47,13,34,0,
Massachusetts,Boston College,,14317,4,0,2,,0,2,148,15,132,1,
Massachusetts,Boston University,,32112,20,0,8,,3,9,402,16,382,4,0
Massachusetts,Brandeis University,,5945,2,0,2,,0,0,55,6,49,0,
Massachusetts,Bridgewater State University,,11187,16,0,8,,0,8,47,4,43,0,0
Massachusetts,Bristol Community College,,9189,0,0,0,,0,0,12,0,12,0,
Massachusetts,Bunker Hill Community College,,14253,1,0,0,,0,1,57,0,56,1,
Massachusetts,Cape Cod Community College,,3818,0,0,0,,0,0,6,2,3,1,
Massachusetts,Clark University,,3423,7,0,1,,2,4,64,8,56,0,
Massachusetts,College of the Holy Cross,,2787,5,0,5,,0,0,27,7,19,1,
Massachusetts,Curry College,,3141,0,0,0,,0,0,0,0,0,0,
Massachusetts,Dean College,,1325,1,0,0,,0,1,34,3,31,0,0
Massachusetts,Emerson College,,4545,5,0,1,,2,2,56,6,50,0,
Massachusetts,Endicott College,,4429,0,0,0,,0,0,0,0,0,0,
Massachusetts,Fisher College,,1875,4,0,0,,0,4,21,4,17,0,
Massachusetts,Fitchburg State University,,6810,6,0,0,,0,6,32,1,31,0,
Massachusetts,Framingham State University,,6499,0,0,0,,0,0,29,0,28,1,
Massachusetts,Gordon College,,2105,1,0,1,,0,0,52,0,52,0,
Massachusetts,Greenfield Community College,,2127,0,0,0,,0,0,13,0,13,0,
Massachusetts,Hampshire College,,1376,1,0,1,,0,0,41,10,31,0,1
Massachusetts,Harvard University,,28791,6,0,4,,2,0,531,43,484,4,
Massachusetts,Lasell College,,2070,7,0,1,,0,6,25,2,23,0,
Massachusetts,Massachusetts Bay Community College,,5369,1,0,0,,0,1,11,0,11,0,
Massachusetts,Massachusetts College of Art,,2095,0,0,0,,0,0,52,0,52,0,
Massachusetts,Massachusetts College of Liberal Arts,,1765,2,0,0,,1,1,22,2,20,0,0
Massachusetts,Massachusetts Institute of Technology,,11319,6,0,0,,1,5,392,23,369,0,0
Massachusetts,Massasoit Community College,,7905,0,0,0,,0,0,22,1,21,0,0
Massachusetts,MCPHS University,,6935,1,0,0,,0,1,14,0,14,0,
Massachusetts,Merrimack College,,3337,3,0,2,,0,1,41,8,33,0,
Massachusetts,Mount Holyoke College,,2255,0,0,0,,0,0,52,5,47,0,0
Massachusetts,Mount Ida College,,1320,3,0,2,,0,1,27,4,23,0,
Massachusetts,Mount Waschusett Community College,,4336,0,0,0,,0,0,7,0,7,0,
Massachusetts,Northeastern University,,19798,19,0,12,,1,6,430,8,421,1,
Massachusetts,North Shore Community College,,7412,1,0,0,,0,1,6,0,6,0,
Massachusetts,Regis College,,1912,1,0,0,,0,1,3,1,2,0,
Massachusetts,Salem State University,,9267,5,0,2,,0,3,66,11,55,0,0
Massachusetts,Smith College,,2989,1,0,1,,0,0,59,4,55,0,0
Massachusetts,Springfield College,,3178,1,0,1,,0,0,40,2,38,0,
Massachusetts,Springfield Technical Community College,,6622,3,0,0,,0,3,34,2,32,0,0
Massachusetts,Stonehill College,,2284,10,0,6,,0,4,13,4,9,0,
Massachusetts,Tufts University:,Medford,10907,8,0,2,,2,4,87,17,70,0,0
Massachusetts,Tufts University:,Suffolk6,,1,0,1,,0,0,19,3,16,0,0
Massachusetts,Tufts University:,Worcester6,,0,0,0,,0,0,3,0,3,0,0
Massachusetts,University of Massachusetts: ,Dartmouth,9111,14,0,7,,1,6,91,3,87,1,
Massachusetts,University of Massachusetts: ,"Harbor Campus, Boston",16756,4,0,0,,0,4,62,0,61,1,0
Massachusetts,University of Massachusetts: ,"Medical Center, Worcester",1103,9,0,0,,0,9,80,0,80,0,0
Massachusetts,Wellesley College,,2323,0,0,0,,0,0,28,1,27,0,
Massachusetts,Wentworth Institute of Technology,,4558,2,0,0,,1,1,56,0,56,0,
Massachusetts,Western New England University,,3922,4,0,3,,0,1,47,3,44,0,
Massachusetts,Westfield State University,,6321,5,0,2,,0,3,46,2,43,1,0
Massachusetts,Wheaton College,,1587,1,0,0,,0,1,5,0,5,0,
Massachusetts,Worcester Polytechnic Institute,,6381,2,0,0,,0,2,58,2,56,0,0
Michigan,Central Michigan University,,26879,4,0,3,,0,1,77,6,70,1,0
Michigan,Delta College,,9842,0,0,0,,0,0,15,0,15,0,0
Michigan,Eastern Michigan University,,22401,16,0,6,,5,5,154,10,138,6,7
Michigan,Ferris State University,,14600,1,0,1,,0,0,51,3,48,0,0
Michigan,Grand Rapids Community College,,15668,1,0,0,,1,0,57,1,56,0,0
Michigan,Kalamazoo Valley Community College,,9489,1,0,0,,0,1,31,0,30,1,0
Michigan,Kirtland Community College,,1773,0,0,0,,0,0,0,0,0,0,0
Michigan,Lansing Community College,,16031,1,0,0,,1,0,69,0,69,0,0
Michigan,Macomb Community College,,22914,0,0,0,,0,0,37,1,34,2,0
Michigan,Michigan State University,,50081,27,0,13,,3,11,546,66,456,24,2
Michigan,Michigan Technological University,,7099,1,0,1,,0,0,42,1,41,0,1
Michigan,Mott Community College,,8937,3,0,0,,1,2,66,5,59,2,1
Michigan,Northern Michigan University,,8781,0,0,0,,0,0,77,0,76,1,0
Michigan,Oakland Community College,,24031,1,0,0,,0,1,23,0,22,1,0
Michigan,Oakland University,,20519,4,0,2,,1,1,39,3,33,3,0
Michigan,Saginaw Valley State University,,9829,5,0,4,,0,1,50,6,43,1,0
Michigan,Schoolcraft College,,11542,0,0,0,,0,0,43,0,43,0,0
Michigan,University of Michigan: ,Ann Arbor,43625,17,0,6,,5,6,681,18,656,7,4
Michigan,University of Michigan: ,Dearborn,8923,0,0,0,,0,0,43,1,41,1,0
Michigan,University of Michigan: ,Flint,8574,1,0,0,,1,0,78,5,72,1,0
Michigan,Western Michigan University,,23914,13,0,4,,4,5,133,2,131,0,1
Minnesota,University of Minnesota:,Duluth,11093,1,0,1,,0,0,49,10,39,0,0
Minnesota,University of Minnesota:,Morris,1899,0,0,0,,0,0,9,2,7,0,0
Minnesota,University of Minnesota:,Twin Cities,51147,15,0,2,,8,5,486,31,445,10,0
Mississippi,Coahoma Community College,,2045,2,0,,0,0,2,10,10,0,0,0
Mississippi,Jackson State University,,9508,19,0,4,,12,3,221,37,183,1,0
Mississippi,Mississippi State University,,20138,8,0,,3,1,4,193,12,176,5,0
Mississippi,Northeast Mississippi Community College,,3538,0,0,,0,0,0,26,2,24,0,0
Mississippi,University of Mississippi: ,Medical Center6,,2,0,,0,1,1,107,3,103,1,0
Mississippi,University of Mississippi: ,Oxford,22503,10,0,,8,1,1,178,10,168,0,0
Missouri,Jefferson College,,4882,0,0,0,,0,0,4,0,4,0,0
Missouri,Metropolitan Community College,,18222,0,0,0,,0,0,51,0,48,3,0
Missouri,Mineral Area College,,4632,0,0,0,,0,0,3,0,3,0,0
Missouri,Missouri Southern State University,,5613,1,0,0,,1,0,43,4,38,1,0
Missouri,Missouri University of Science and Technology,,8640,1,0,0,,1,0,58,5,52,1,0
Missouri,Missouri Western State University,,5834,2,0,2,,0,0,14,2,12,0,0
Missouri,Northwest Missouri State University,,6720,2,0,2,,0,0,59,3,56,0,0
Missouri,Southeast Missouri State University,,12087,2,0,2,,0,0,26,5,19,2,0
Missouri,St. Charles Community College,,7153,0,0,0,,0,0,10,0,10,0,0
Missouri,St. Louis Community College: ,Florissant Valley6,,0,0,0,,0,0,20,0,19,1,0
Missouri,St. Louis Community College: ,Meramec,21218,1,0,0,,0,1,16,0,16,0,0
Missouri,Truman State University,,6248,0,0,0,,0,0,39,1,38,0,0
Missouri,University of Central Missouri,,13379,12,0,3,,3,6,140,10,122,8,1
Missouri,University of Missouri: ,Columbia,35425,10,0,3,,2,5,271,7,255,9,0
Missouri,University of Missouri: ,Kansas City,16146,6,0,0,,3,3,66,20,44,2,0
Missouri,University of Missouri: ,St. Louis,17072,2,0,1,,0,1,61,5,54,2,0
Missouri,Washington University,,14348,0,0,0,,0,0,73,1,72,0,0
Montana,Montana State University,,14982,7,0,2,,0,5,165,5,155,5,4
Montana,University of Montana,,13952,2,0,0,,0,2,100,6,92,2,0
Nebraska,Metropolitan Community College,Douglas County,14675,2,0,,0,0,2,26,0,26,0,0
Nebraska,University of Nebraska,Kearney7,6902,2,0,2,,0,0,31,3,28,0,1
Nevada,Truckee Meadows Community College,,11106,0,0,0,,0,0,15,1,14,0,0
Nevada,University of Nevada:,Las Vegas,28515,17,0,6,,6,5,293,23,246,24,0
Nevada,University of Nevada:,Reno,19934,4,0,1,,1,2,162,10,144,8,0
New Jersey,University of New Hampshire,,15117,27,0,25,,0,2,125,9,113,3,2
New Jersey,Brookdale Community College,,14144,0,0,0,,0,0,27,0,26,1,0
New Jersey,Essex County College,,11468,3,0,0,,1,2,86,2,82,2,0
New Jersey,Kean University,,14359,3,0,1,,0,2,104,3,97,4,0
New Jersey,Middlesex County College,,12059,1,0,0,,0,1,29,0,29,0,0
New Jersey,Monmouth University,,6395,1,0,1,,0,0,30,1,29,0,0
New Jersey,Montclair State University,,20022,2,0,1,,0,1,117,10,107,0,0
New Jersey,New Jersey Institute of Technology,,10646,15,0,1,,10,4,104,2,91,11,0
New Jersey,Princeton University,,8088,1,0,0,,0,1,382,18,354,10,1
New Jersey,Rowan University,,14778,8,0,4,,0,4,137,17,120,0,0
New Jersey,Rutgers University: ,Camden,6321,2,0,0,,2,0,65,2,63,0,0
New Jersey,Rutgers University: ,Newark,11314,29,0,2,,24,3,256,0,253,3,0
New Jersey,Rutgers University: ,New Brunswick,48378,33,0,10,,7,16,527,55,469,3,1
New Jersey,Stevens Institute of Technology,,6125,1,0,0,,0,1,34,2,32,0,0
New Jersey,Stockton University,,8570,1,0,1,,0,0,31,1,29,1,0
New Jersey,The College of New Jersey,,7409,3,0,3,,0,0,84,3,76,5,1
New Jersey,William Paterson University,,11048,0,0,0,,0,0,59,1,57,1,0
New Mexico,Eastern New Mexico University,,5879,6,0,,3,0,3,40,5,35,0,
New Mexico,New Mexico Institute of Mining and Technology,,2127,1,0,,0,0,1,59,6,49,4,
New Mexico,New Mexico State University,,15829,13,0,,1,2,10,259,47,199,13,2
New Mexico,University of New Mexico,,27844,38,0,,8,5,25,613,49,502,62,
New Mexico,Western New Mexico University,,3557,4,0,,0,0,4,28,12,16,0,
New York,Cornell University,,21679,3,0,2,,0,1,272,21,250,1,0
New York,Ithaca College5,,6587,5,0,4,,1,0,108,13,95,0,0
New York,Rensselaer Polytechnic Institute,,6835,0,0,,0,0,0,40,0,40,0,0
New York,State University of New York: ,Binghamton,16695,8,0,7,,1,0,225,12,213,0,0
New York,State University of New York: ,Buffalo,29995,10,0,4,,1,5,304,38,265,1,1
New York,State University of New York: ,Downstate Medical Center,1865,4,0,0,,0,4,57,0,57,0,0
New York,State University of New York: ,Maritime College5,1799,0,0,0,,0,0,18,3,15,0,0
New York,State University of New York: ,Stony Brook5,24607,10,0,1,,1,8,279,19,259,1,0
New York,State University of New York: ,Upstate Medical Center,1516,0,0,0,,0,0,84,5,78,1,0
New York,State University of New York Agricultural and Technical College:,Alfred,3661,3,0,2,,0,1,52,7,44,1,0
New York,State University of New York Agricultural and Technical College:,Canton,3278,1,0,1,,0,0,31,1,29,1,0
New York,State University of New York Agricultural and Technical College:,Cobleskill,2535,5,0,3,,0,2,18,4,13,1,0
New York,State University of New York Agricultural and Technical College:,Farmingdale,8394,2,0,1,,0,1,31,2,29,0,0
New York,State University of New York Agricultural and Technical College:,Morrisville,2910,4,0,3,,1,0,42,11,31,0,0
New York,State University of New York College:,Brockport,8106,5,0,4,,0,1,43,2,41,0,0
New York,State University of New York College:,Buffalo,11083,14,0,3,,3,8,160,12,146,2,1
New York,State University of New York College:,Cortland,6958,3,0,2,,0,1,44,6,36,2,0
New York,State University of New York College:,Environmental Science and Forestry,2200,0,0,0,,0,0,25,0,25,0,0
New York,State University of New York College:,Fredonia,5215,1,0,1,,0,0,34,8,26,0,0
New York,State University of New York College:,Geneseo,5658,2,0,2,,0,0,84,10,71,3,0
New York,State University of New York College:,New Paltz,7692,1,0,1,,0,0,35,0,35,0,0
New York,State University of New York College:,Old Westbury,4504,1,0,0,,1,0,38,3,35,0,0
New York,State University of New York College:,Oneonta,6101,3,0,3,,0,0,40,3,36,1,0
New York,State University of New York College:,Optometry,363,0,0,0,,0,0,5,0,5,0,0
New York,State University of New York College:,Oswego,8034,4,0,4,,0,0,76,6,70,0,0
New York,State University of New York College:,Plattsburgh,5968,0,0,0,,0,0,70,2,68,0,0
New York,State University of New York College:,Potsdam,3979,2,0,2,,0,0,58,7,50,1,0
New York,State University of New York College:,Purchase,4225,1,0,1,,0,0,72,11,61,0,0
New York,State University of New York College:,Technology,3598,1,0,,0,0,1,38,5,33,0,0
New York,State University of New York College:,Utica-Rome,2740,1,0,1,,0,0,12,0,12,0,0
North Carolina,Appalachian State University,,18026,3,0,,2,0,1,58,8,47,3,0
North Carolina,Davidson College,,1770,3,0,,3,0,0,72,13,59,0,2
North Carolina,Duke University,,15856,6,0,,2,4,0,371,17,345,9,1
North Carolina,East Carolina University,,27511,11,0,,5,3,3,169,6,163,0,0
North Carolina,Elizabeth City State University,,1867,1,0,,0,0,1,64,17,46,1,1
North Carolina,Elon University,,6483,0,0,,0,0,0,10,0,10,0,0
North Carolina,Fayetteville State University,,5899,7,0,,4,1,2,60,8,48,4,0
North Carolina,Methodist University,,2461,2,0,,1,0,1,38,4,34,0,1
North Carolina,North Carolina Agricultural and Technical State University,,10725,5,0,,3,0,2,115,16,97,2,0
North Carolina,North Carolina Central University,,7687,15,0,,4,5,6,132,16,114,2,3
North Carolina,North Carolina School of the Arts,,958,0,0,,0,0,0,19,8,11,0,0
North Carolina,North Carolina State University,Raleigh,33989,14,0,,5,1,8,249,17,226,6,0
North Carolina,University of North Carolina:,Asheville,3845,3,0,,2,1,0,20,0,19,1,0
North Carolina,University of North Carolina:,Chapel Hill,29135,6,0,,2,4,0,260,20,219,21,0
North Carolina,University of North Carolina:,Charlotte,27238,1,0,,0,0,1,133,10,122,1,1
North Carolina,University of North Carolina:,Greensboro,18647,8,0,,4,0,4,116,4,111,1,1
North Carolina,University of North Carolina:,Wilmington,14570,6,0,,4,1,1,231,6,224,1,0
North Carolina,Wake Forest University,,7788,4,0,,3,1,0,138,23,109,6,0
North Carolina,Western Carolina University,,10382,3,0,,3,0,0,73,16,56,1,0
North Carolina,Winston-Salem State University,,5220,2,1,,0,1,0,68,12,54,2,0
North Dakota,North Dakota State College of Science,,3033,0,0,0,,0,0,26,3,23,0,0
North Dakota,North Dakota State University,,14747,1,0,1,,0,0,151,9,139,3,0
North Dakota,University of North Dakota,,14906,3,0,2,,0,1,128,7,118,3,0
Ohio,Bowling Green State University,,16554,13,0,11,,0,2,16,6,10,0,2
Ohio,Capital University,,3494,2,0,2,,0,0,56,20,35,1,0
Ohio,Columbus State Community College,,24448,0,0,0,,0,0,68,0,67,1,0
Ohio,Cuyahoga Community College,,27084,4,0,1,,2,1,74,2,70,2,0
Ohio,Kent State University,,29477,6,0,,2,3,1,167,5,162,0,1
Ohio,Lakeland Community College,,8250,0,0,0,,0,0,32,0,32,0,0
Ohio,Miami University,,18620,17,0,7,,1,9,192,7,181,4,0
Ohio,Notre Dame College,,2281,2,0,1,,0,1,36,5,31,0,0
Ohio,Ohio State University,Columbus,58322,22,0,13,,4,5,793,17,771,5,0
Ohio,Ohio University,,29217,10,0,10,,0,0,174,15,157,2,2
Ohio,Otterbein University,,2791,0,0,0,,0,0,31,4,27,0,0
Ohio,Shawnee State University,,4247,1,0,,1,0,0,40,0,39,1,0
Ohio,Sinclair Community College,,19093,1,0,0,,1,0,56,0,56,0,0
Ohio,University of Akron,,23962,9,0,2,,3,4,192,7,177,8,1
Ohio,University of Cincinnati,,35313,5,0,,2,3,0,297,3,293,1,0
Ohio,University of Toledo,,20626,3,0,2,,0,1,215,20,193,2,2
Ohio,Wright State University,,16842,8,0,4,,3,1,105,15,86,4,0
Oklahoma,Cameron University,,5537,3,0,2,,0,1,8,0,8,0,0
Oklahoma,East Central University,,4428,0,0,0,,0,0,12,3,9,0,0
Oklahoma,Langston University,,2482,10,0,2,,3,5,118,66,46,6,1
Oklahoma,Northeastern Oklahoma A&M College,,2274,2,0,1,,1,0,50,17,31,2,2
Oklahoma,Northeastern State University:,Broken Arrow6,,0,0,0,,0,0,0,0,0,0,0
Oklahoma,Northeastern State University:,Tahlequah,8310,0,0,0,,0,0,0,0,0,0,0
Oklahoma,Oklahoma City University,,3035,1,0,0,,0,1,41,5,36,0,0
Oklahoma,Oklahoma State University:,Main Campus,25962,4,0,2,,2,0,229,48,176,5,0
Oklahoma,Oklahoma State University:,Okmulgee,3379,1,0,1,,0,0,11,0,10,1,0
Oklahoma,Oklahoma State University:,Tulsa,664,0,0,0,,0,0,2,0,2,0,0
Oklahoma,Rogers State University,,4030,0,0,0,,0,0,4,0,4,0,0
Oklahoma,Seminole State College,,1895,0,0,0,,0,0,6,2,4,0,0
Oklahoma,Southeastern Oklahoma State University,,3878,2,0,2,,0,0,17,3,14,0,0
Oklahoma,Southwestern Oklahoma State University,,4994,0,0,0,,0,0,10,0,10,0,0
Oklahoma,Tulsa Community College,,17861,0,0,0,,0,0,5,0,5,0,0
Oklahoma,University of Central Oklahoma,,16840,5,0,1,,0,4,79,10,69,0,0
Oklahoma,University of Oklahoma: ,Health Sciences Center,3499,6,0,0,,3,3,154,5,146,3,0
Oklahoma,University of Oklahoma: ,Norman,27261,7,0,4,,0,3,299,6,283,10,1
Oklahoma,University of Oregon,,24096,8,0,3,,3,2,314,11,297,6,8
Pennsylvania,Bloomsburg University,,9998,4,0,3,,0,1,35,1,34,0,0
Pennsylvania,California University,,7978,1,0,1,,0,0,29,1,28,0,0
Pennsylvania,Cheyney University,,1022,8,0,5,,0,3,40,17,23,0,1
Pennsylvania,Clarion University,,5712,4,0,3,,0,1,32,0,32,0,0
Pennsylvania,Dickinson College,,2364,6,0,2,,0,4,105,10,94,1,0
Pennsylvania,East Stroudsburg University,,6819,1,0,0,,0,1,53,0,53,0,0
Pennsylvania,Edinboro University,,6837,4,0,3,,0,1,44,6,38,0,0
Pennsylvania,Elizabethtown College,,1822,3,0,2,,0,1,18,1,17,0,0
Pennsylvania,Indiana University,,14534,10,0,4,,3,3,57,3,54,0,1
Pennsylvania,Kutztown University,,9218,6,0,3,,0,3,54,1,53,0,0
Pennsylvania,Lehigh University,,7119,3,0,3,,0,0,26,0,26,0,0
Pennsylvania,Lock Haven University,,4917,2,0,2,,0,0,25,8,17,0,0
Pennsylvania,Mansfield University,,2752,0,0,0,,0,0,11,0,11,0,0
Pennsylvania,Millersville University,,8047,2,1,0,,0,1,33,1,32,0,0
Pennsylvania,Moravian College,,1970,4,0,0,,0,4,28,10,18,0,0
Pennsylvania,Pennsylvania State University:,Altoona,3903,2,0,2,,0,0,40,6,34,0,1
Pennsylvania,Pennsylvania State University:,Beaver,720,0,0,0,,0,0,4,0,4,0,1
Pennsylvania,Pennsylvania State University:,Behrend,4138,3,0,1,,0,2,31,6,25,0,0
Pennsylvania,Pennsylvania State University:,Berks,2839,1,0,1,,0,0,29,1,28,0,0
Pennsylvania,Pennsylvania State University:,Brandywine,1488,0,0,0,,0,0,4,0,4,0,0
Pennsylvania,Pennsylvania State University:,Harrisburg,4519,1,0,0,,0,1,14,0,14,0,0
Pennsylvania,Pennsylvania State University:,Hazleton,850,1,0,1,,0,0,6,0,6,0,0
Pennsylvania,Pennsylvania State University:,McKeesport,604,0,0,0,,0,0,6,0,6,0,0
Pennsylvania,Pennsylvania State University:,Mont Alto,940,0,0,0,,0,0,3,0,3,0,0
Pennsylvania,Pennsylvania State University:,Schuylkill,796,0,0,0,,0,0,11,5,6,0,0
Pennsylvania,Pennsylvania State University:,University Park,47040,39,0,24,,2,13,428,38,388,2,6
Pennsylvania,Shippensburg University,,7355,2,0,1,,0,1,36,5,30,1,1
Pennsylvania,Slippery Rock University,,8495,1,0,0,,0,1,39,1,36,2,0
Pennsylvania,University of Pittsburgh: ,Bradford,1499,2,0,2,,0,0,17,4,13,0,0
Pennsylvania,University of Pittsburgh: ,Greensburg,1578,0,0,0,,0,0,3,0,3,0,0
Pennsylvania,University of Pittsburgh: ,Johnstown,2869,5,0,2,,1,2,33,1,31,1,0
Pennsylvania,University of Pittsburgh: ,Pittsburgh,28617,27,0,8,,2,17,221,10,210,1,0
Pennsylvania,University of Pittsburgh: ,Titusville,371,2,0,1,,0,1,7,0,7,0,0
Pennsylvania,West Chester University,,16086,8,0,5,,1,2,67,6,61,0,0
Rhode Island,Brown University,,9181,0,0,0,,0,0,117,10,107,0,0
Rhode Island,University of Rhode Island,,16571,4,0,4,,0,0,93,13,79,1,0
South Carolina,Bob Jones University,,3108,0,0,0,,0,0,13,1,12,0,0
South Carolina,Clemson University,,21857,7,0,3,,0,4,244,13,179,52,1
South Carolina,Coastal Carolina University,,9976,14,0,5,,4,5,184,7,174,3,0
South Carolina,College of Charleston,,11456,0,0,0,,0,0,93,2,90,1,0
South Carolina,Columbia College,,1221,0,0,0,,0,0,9,2,6,1,0
South Carolina,Erskine College,,753,1,0,1,,0,0,8,6,2,0,0
South Carolina,Francis Marion University,,3944,0,0,0,,0,0,17,0,17,0,0
South Carolina,Greenville Technical College,,12592,2,0,0,,0,2,32,4,28,0,0
South Carolina,Lander University,,2787,1,0,1,,0,0,19,1,16,2,0
South Carolina,Medical University of South Carolina,,2898,4,0,3,,0,1,110,6,102,2,0
South Carolina,Midlands Technical College,,11424,1,0,0,,0,1,16,0,15,1,0
South Carolina,Orangeburg-Calhoun Technical College,,3060,0,0,0,,0,0,0,0,0,0,0
South Carolina,Presbyterian College,,1460,2,0,0,,0,2,21,2,18,1,1
South Carolina,South Carolina State University,,3331,5,0,0,,5,0,91,28,59,4,0
South Carolina,Spartanburg Methodist College,,793,1,0,0,,0,1,5,1,4,0,0
South Carolina,The Citadel,,3592,1,0,0,,1,0,12,4,8,0,0
South Carolina,Trident Technical College,,16136,0,0,0,,0,0,25,1,22,2,0
South Carolina,University of South Carolina:,Aiken,3444,1,0,0,,1,0,23,0,23,0,0
South Carolina,University of South Carolina:,Beaufort,1794,2,0,1,,0,1,8,2,6,0,0
South Carolina,University of South Carolina:,Columbia,32971,7,1,2,,2,2,285,12,232,41,0
South Carolina,University of South Carolina:,Upstate,5585,4,0,0,,0,4,26,1,25,0,0
South Carolina,Winthrop University,,6024,2,0,1,,1,0,35,7,28,0,0
South Dakota,South Dakota State University,,12543,0,0,0,,0,0,31,0,31,0,0
Tennessee,Austin Peay State University,,10111,6,0,4,,0,2,64,10,52,2,0
Tennessee,Chattanooga State Community College,,9332,2,0,0,,0,2,15,0,15,0,0
Tennessee,Christian Brothers University,,1667,2,0,0,,0,2,22,5,17,0,0
Tennessee,Cleveland State Community College,,3522,0,0,0,,0,0,10,1,9,0,0
Tennessee,East Tennessee State University,,14434,7,0,4,,1,2,72,7,65,0,2
Tennessee,Jackson State Community College,,4924,0,0,0,,0,0,0,0,0,0,0
Tennessee,Lincoln Memorial University,,3735,0,0,0,,0,0,0,0,0,0,0
Tennessee,Middle Tennessee State University,,22729,8,0,3,,3,2,166,19,147,0,0
Tennessee,Northeast State Community College,,5865,0,0,0,,0,0,4,0,4,0,0
Tennessee,Roane State Community College,,5832,0,0,0,,0,0,8,0,8,0,0
Tennessee,Southwest Tennessee Community College,,10227,3,0,1,,1,1,28,1,27,0,0
Tennessee,Tennessee State University,,9027,13,1,3,,5,4,54,16,36,2,1
Tennessee,Tennessee Technological University,,11339,3,0,1,,0,2,60,7,51,2,0
Tennessee,University of Memphis,,21059,3,0,1,,2,0,139,17,118,4,0
Tennessee,University of Tennessee: ,Chattanooga,11670,9,0,7,,2,0,79,15,60,4,0
Tennessee,University of Tennessee: ,Health Science Center6,,0,0,0,,0,0,30,2,28,0,0
Tennessee,University of Tennessee: ,Knoxville,30386,5,0,2,,1,2,268,30,227,11,2
Tennessee,University of Tennessee: ,Martin,7042,2,0,1,,0,1,32,5,27,0,0
Tennessee,University of the South,,1714,10,0,10,,0,0,76,21,54,1,2
Tennessee,Vanderbilt University,,12686,38,0,15,,4,19,394,7,385,2,0
Tennessee,Volunteer State Community College,,7664,0,0,0,,0,0,18,0,18,0,0
Tennessee,Walters State Community College,,6005,0,0,0,,0,0,8,0,7,1,0
Texas,Abilene Christian University,,4427,0,0,0,,0,0,67,5,62,0,0
Texas,Alamo Community College District,,55967,3,0,0,,1,2,204,32,166,6,3
Texas,Alvin Community College,,4837,0,0,0,,0,0,14,0,13,1,0
Texas,Amarillo College,,10336,0,0,0,,0,0,20,0,20,0,0
Texas,Angelo State University,,6494,2,0,1,,0,1,47,3,44,0,0
Texas,Austin College,,1301,1,0,0,,0,1,33,3,28,2,0
Texas,Baylor Health Care System6,,,3,0,2,,1,0,471,7,454,10,0
Texas,Baylor University,Waco,16263,11,0,3,,0,8,172,15,149,8,1
Texas,Brookhaven College,,12403,0,0,0,,0,0,24,1,22,1,0
Texas,Central Texas College,,20547,2,0,0,,0,2,16,0,16,0,0
Texas,College of the Mainland,,3858,0,0,0,,0,0,8,0,8,0,0
Texas,El Paso Community College,,28308,0,0,0,,0,0,46,0,45,1,0
Texas,Grayson College,,4636,0,0,0,,0,0,7,0,7,0,0
Texas,Hardin-Simmons University,,2084,1,0,0,,0,1,34,8,25,1,0
Texas,Houston Baptist University,,3128,3,0,1,,1,1,45,13,32,0,0
Texas,Houston Community College,,58276,9,0,2,,5,2,164,20,133,11,0
Texas,Lamar University,Beaumont,14895,8,0,1,,2,5,74,5,65,4,0
Texas,Laredo Community College,,8307,3,0,0,,0,3,11,1,10,0,0
Texas,McLennan Community College,,8294,0,0,0,,0,0,12,0,12,0,0
Texas,Midwestern State University,,5874,3,0,1,,1,1,60,18,42,0,0
Texas,Mountain View College,,8950,1,0,0,,0,1,15,0,13,2,0
Texas,North Lake College,,10744,1,0,0,,0,1,19,2,17,0,0
Texas,Paris Junior College,,5086,1,0,1,,0,0,15,3,12,0,0
Texas,Rice University,,6621,4,0,0,,3,1,206,8,194,4,0
Texas,Richland College,,19343,1,0,0,,1,0,28,0,25,3,0
Texas,Southern Methodist University,,11272,4,0,3,,0,1,154,2,152,0,0
Texas,Southwestern University,,1538,0,0,0,,0,0,34,11,16,7,0
Texas,Stephen F. Austin State University,,12801,2,0,2,,0,0,56,3,52,1,0
Texas,St. Mary's University,,3712,1,0,1,,0,0,18,2,14,2,0
Texas,Sul Ross State University,,2873,0,0,0,,0,0,57,10,47,0,0
Texas,Tarleton State University,,11681,2,0,2,,0,0,83,10,72,1,0
Texas,Texas A&M International University,,7554,5,0,5,,0,0,36,6,28,2,0
Texas,Texas A&M University: ,Central Texas6,,0,0,0,,0,0,7,3,4,0,0
Texas,Texas A&M University: ,College Station,61642,4,0,3,,0,1,488,28,448,12,0
Texas,Texas A&M University: ,Commerce,12111,6,0,5,,1,0,85,12,72,1,1
Texas,Texas A&M University: ,Corpus Christi,11256,3,0,1,,0,2,63,5,54,4,0
Texas,Texas A&M University: ,Galveston6,,1,0,0,,0,1,11,0,11,0,0
Texas,Texas A&M University: ,Kingsville,13246,0,0,0,,0,0,98,31,67,0,0
Texas,Texas A&M University: ,San Antonio6,,0,0,0,,0,0,8,1,6,1,0
Texas,Texas Christian University,,10033,8,0,5,,1,2,131,9,120,2,0
Texas,Texas Southern University,,9233,12,2,1,,4,5,220,49,168,3,6
Texas,Texas State Technical College: ,Harlingen,5225,2,0,1,,0,1,15,0,15,0,0
Texas,Texas State Technical College: ,Waco,4114,5,0,3,,0,2,74,32,42,0,0
Texas,Texas State Technical College: ,West Texas,1453,0,0,0,,0,0,2,1,1,0,0
Texas,Texas State University,San Marcos,36739,9,0,0,,6,3,217,20,193,4,0
Texas,Texas Tech University,Lubbock,35158,7,0,5,,1,1,403,12,390,1,0
Texas,Texas Woman's University,,15071,3,0,1,,0,2,49,3,46,0,0
Texas,Tyler Junior College,,11168,2,0,1,,0,1,50,4,46,0,0
Texas,University of Houston: ,Central Campus,40914,21,0,4,,11,6,498,42,433,23,0
Texas,University of Houston: ,Clearlake,8665,0,0,0,,0,0,19,1,18,0,0
Texas,University of Houston: ,Downtown Campus,14439,2,0,0,,1,1,46,2,42,2,0
Texas,University of Mary Hardin-Baylor,,3740,1,0,0,,0,1,65,2,60,3,0
Texas,University of North Texas:,Denton,36486,5,0,2,,0,3,171,16,153,2,3
Texas,University of North Texas:,Health Science Center,2243,0,0,0,,0,0,10,0,10,0,0
Texas,University of Texas:,Arlington,39740,5,0,1,,2,2,148,8,140,0,0
Texas,University of Texas:,Austin,51313,6,0,2,,2,2,397,36,354,7,0
Texas,University of Texas:,Dallas,23095,3,0,2,,0,1,151,4,145,2,0
Texas,University of Texas:,El Paso,23079,11,0,1,,0,10,146,27,117,2,0
Texas,University of Texas:,"Health Science Center, San Antonio",3147,4,0,1,,1,2,60,2,56,2,0
Texas,University of Texas:,"Health Science Center, Tyler6",,0,0,0,,0,0,11,1,9,1,0
Texas,University of Texas:,Houston,4859,21,0,3,,5,13,311,21,288,2,1
Texas,University of Texas:,Medical Branch,3211,0,0,0,,0,0,114,0,109,5,0
Texas,University of Texas:,Permian Basin,5560,0,0,0,,0,0,22,7,12,3,0
Texas,University of Texas:,San Antonio,28628,4,0,3,,1,0,128,6,115,7,0
Texas,University of Texas:,Southwestern Medical School,2341,4,0,0,,1,3,130,17,109,4,0
Texas,University of Texas:,Tyler,8036,0,0,0,,0,0,42,9,32,1,0
Texas,West Texas A&M University,,8972,3,0,3,,0,0,71,21,49,1,0
Utah,Brigham Young University,,30484,1,0,1,,0,0,148,9,135,4,0
Utah,Snow College,,4779,1,0,,0,0,1,18,1,15,2,0
Utah,Southern Utah University,,7656,1,0,1,,0,0,27,7,19,1,1
Utah,University of Utah,,31515,12,0,,4,0,8,506,42,435,29,1
Utah,Utah State University,Eastern6,,0,0,,0,0,0,47,2,45,0,0
Utah,Utah Valley University,,31332,1,0,,0,1,0,76,5,69,2,0
Utah,Weber State University,,25954,1,0,,0,0,1,55,4,50,1,0
Vermont,University of Vermont,,12856,3,0,2,,0,1,176,15,161,0,2
Virginia,Bridgewater College,,1785,0,0,0,,0,0,15,4,10,1,0
Virginia,Christopher Newport University,,5221,3,0,1,,0,2,152,4,146,2,0
Virginia,College of William and Mary,,8437,3,0,3,,0,0,167,10,156,1,0
Virginia,Eastern Virginia Medical School,,1049,0,0,0,,0,0,28,1,27,0,0
Virginia,Emory and Henry College,,1038,0,0,0,,0,0,0,0,0,0,0
Virginia,Ferrum College,,1451,2,0,0,,0,2,17,1,16,0,0
Virginia,George Mason University,,33729,8,0,4,,2,2,148,7,139,2,3
Virginia,Hampton University,,4393,2,0,1,,1,0,50,14,36,0,0
Virginia,James Madison University,,20855,2,0,0,,1,1,110,10,98,2,1
Virginia,J. Sargeant Reynolds Community College,,11861,1,0,0,,0,1,27,0,27,0,0
Virginia,Longwood University,,5096,6,0,5,,0,1,47,8,38,1,0
Virginia,Lord Fairfax Community College,,6996,0,0,0,,0,0,0,0,0,0,0
Virginia,Norfolk State University,,6027,0,0,0,,0,0,17,1,13,3,5
Virginia,Northern Virginia Community College,,51487,1,0,0,,0,1,56,1,55,0,0
Virginia,Old Dominion University,,24932,19,0,4,,5,10,258,9,246,3,0
Virginia,Radford University,,9798,9,0,7,,2,0,83,3,80,0,6
Virginia,Richard Bland College,,1525,2,0,2,,0,0,20,3,17,0,0
Virginia,University of Richmond,,4182,7,0,7,,0,0,109,20,84,5,3
Virginia,University of Virginia,,23732,10,0,1,,3,6,189,30,157,2,0
Virginia,University of Virginia's College at Wise,,2183,0,0,0,,0,0,19,6,13,0,0
Virginia,Virginia Commonwealth University,,30848,14,0,3,,3,8,447,14,426,7,1
Virginia,Virginia Military Institute,,1700,0,0,0,,0,0,31,12,19,0,0
Virginia,Virginia Polytechnic Institute and State University,,31224,7,0,4,,1,2,168,34,131,3,1
Virginia,Virginia State University,,5025,11,0,2,,4,5,78,21,55,2,0
Virginia,Virginia Western Community College,,8632,0,0,0,,0,0,2,0,2,0,0
Washington,Central Washington University,,11799,8,0,7,,1,0,96,6,85,5,0
Washington,Eastern Washington University,,13453,6,0,5,,1,0,63,17,43,3,1
Washington,Evergreen State College,,4219,4,0,4,,0,0,104,19,80,5,0
Washington,University of Washington,,44784,7,0,3,,2,2,670,38,620,12,1
Washington,Washington State University: ,Pullman,28686,8,0,6,,1,1,175,28,144,3,1
Washington,Washington State University: ,Vancouver6,,0,0,0,,0,0,12,1,11,0,0
Washington,Western Washington University,,15060,3,0,1,,1,1,127,11,114,2,0
West Virginia,Potomac State College,,1540,3,0,0,,0,3,4,3,1,0,0
West Virginia,Shepherd University,,4041,3,0,3,,0,0,12,1,11,0,0
West Virginia,West Virginia State University,,2884,2,0,2,,0,0,29,5,22,2,1
West Virginia,West Virginia Tech,,1261,1,0,0,,0,1,5,1,4,0,0
West Virginia,West Virginia University,,29175,22,0,2,,2,18,102,7,94,1,0
Wisconsin,University of Wisconsin:,Eau Claire,10721,0,0,,0,0,0,83,0,83,0,0
Wisconsin,University of Wisconsin:,Green Bay,6927,1,1,,0,0,0,12,0,12,0,0
Wisconsin,University of Wisconsin:,La Crosse,10669,1,0,,1,0,0,79,0,79,0,0
Wisconsin,University of Wisconsin:,Madison,42598,7,0,,3,1,3,244,18,225,1,0
Wisconsin,University of Wisconsin:,Milwaukee,27596,5,0,,4,1,0,181,17,164,0,1
Wisconsin,University of Wisconsin:,Oshkosh,14541,7,0,,7,0,0,63,5,58,0,5
Wisconsin,University of Wisconsin:,Parkside,4543,0,0,,0,0,0,23,4,19,0,0
Wisconsin,University of Wisconsin:,Platteville,8901,5,0,5,,0,0,58,5,52,1,0
Wisconsin,University of Wisconsin:,River Falls,6198,1,0,1,,0,0,55,3,51,1,1
Wisconsin,University of Wisconsin:,Stevens Point,9330,1,0,,1,0,0,47,1,46,0,1
Wisconsin,University of Wisconsin:,Stout,9394,5,0,,3,0,2,70,8,62,0,0
Wisconsin,University of Wisconsin:,Superior,2600,0,0,,0,0,0,16,0,15,1,0
Wisconsin,University of Wisconsin:,Whitewater,12176,3,0,,1,1,1,62,9,51,2,0
Wyoming,Northern Wyoming Community College District,,4374,3,0,1,,0,2,1,0,1,0,0
Wyoming,University of Wyoming,,12820,1,0,0,,0,1,156,11,144,1,0